1.Let's start by figuring out how many dinosaurs we have. Count the number of dinosaurs.

dinosaurs=# SELECT COUNT(id) FROM dinos;
 count 
-------
   331
(1 row)

2. We want to open up our own version of Jurassic Park, but this time only with dinosaurs who are actually from the Jurassic period. Find all the dinosaurs from the Jurassic period.

dinosaurs=# SELECT name FROM dinos WHERE period='Jurassic';
        name         
---------------------
 Yuanmousaurus
 Yinlong
 Yingshanosaurus
 Yimenosaurus
 Yangchuanosaurus
 Yandusaurus
 Vulcanodon
 Tuojiangosaurus
 Torvosaurus
 Yunnanosaurus
 Sinraptor
 Stegosaurus
 Seismosaurus
 Segisaurus
 Scutellosaurus
 Scelidosaurus
 Saurophaganax
 Sarcosaurus
 Shunosaurus
 Rhoetosaurus
 Poekilopleuron
 Podokesaurus
 Piatnitzkysaurus
 Proceratosaurus
 Patagosaurus
 Pantydraco
 Datousaurus
 Ornitholestes
 Omeisaurus
 Nqwebasaurus
 Monolophosaurus
 Othnielia
 Megalosaurus
 Massospondylus
 Marshosaurus
 Mamenchisaurus
 Lufengosaurus
 Lophostropheus
 Lexovisaurus
 Metriacanthosaurus
 Lesothosaurus
 Kentrosaurus
 Juravenator
 Jingshanosaurus
 Janenschia
 Huayangosaurus
 Heterodontosaurus
 Kotasaurus
 Guanlong
 Giraffatitan
 Gasosaurus
 Gargoyleosaurus
 Eustreptospondylus
 Europasaurus
 Haplocanthosaurus
 Emausaurus
 Euhelopus
:

3. Jurassic Park was a huge success for us. Now we want to open up a sequel park: Cretaceous Park. This time though, we're a little more organized, and we want to know how much space all these dinosaurs are going to take up. Find the total sum length of all the dinosaurs from the Cretaceous period.

dinosaurs=# SELECT SUM(length) FROM dinos WHERE period='Cretaceous';
   sum   
---------
 1366.45
(1 row)

4. Great news! Our board of investors recently secured us a large island where we can put all the dinosaurs from both Jurassic Park and Cretaceous Park. This new park will be called Juraceous Park, which according to our focus groups really rolls off the tongue. Find all the dinosaurs from either the Jurassic OR Cretaceous periods, and order them by their species name alphabetically.

dinosaurs=# SELECT species FROM dinos WHERE period='Jurassic' OR period='Cretaceous' ORDER BY species ASC;
     species      
------------------
 Abakensis
 Aegyptiacus
 Aethiopicus
 Agilis
 Airelensis
 Ajax
 Albertensis
 Albertensis
 Altispinax
 Altispinus
 Altithorax
 Altus
 Altus
 Amicagraphica
 Andrewsi
 Andrewsi
 Antirrhopus
 Apertus
 Aquilunguis
 Aralensis
 Arenatus
 Armatus
 Armatus
 Armatus
 Ashile
 Asiaticus
 Atacis
 Atokensis
 Atopus
 Atopus
 Australis
 Austriacus
 Baharijensis
 Bambergi
 Bashanensis
 Bataar
 Belli
 Bernissartensis
 Bicentesimus
 Bilbeyhallorum
 Blanfordi
 Brachyops
 Bradleyi
 Brancai
 Brevipes
 Brevispinus
 Brevitertius
 Brownei
 Bucklandii
 Bucklandii
 Bullatus
 Burgei
 Byrdi
 Caducus
 Calathocercos
 Calvoi
 Canadensis
 Canadensis
 Canaliculatus
 Carinatus
 Carolinii
 Caroljonesa
 Casuarius
 Cazaui
 Celestae
 Challengeri
 Changii
 Cheloniformis
 Christopheri
 Chulsanensis
 Cincosaltensis
 Colberti
 Comahuensis
 Comahuensis
 Condrayi
 Constructus
 Constructus
 Conybearei
 Copei
 Cubicularis
 Dacus
 Delicatus
 Deserti
 Diagnosticus
 Dispar
 Dixeyi
 Domoculus
 Downsi
 Durobrivensis
 Edwardsorum
 Elliotti
 Ellisoni
 Ernsti
 Fariasi
 Feinbergorum
 Floresi
 Formosus
 Foulkii
 Foxii
 Foxii
 Fragilis
 Fragilis
 Galbinensis
 Garasbae
 Garridoi
 Gigantea
 Giganteus
 Giganteus
 Giganteus
 Gigas
 Gilmorei
 Gobiensis
 Gobiensis
 Gobiensis
 Gonzalezorum
 Gracilicrus
 Gracilis
 Gracilis
 Grangeri
 Halli
 Hallorum
 Hansemanni
 Harrisonii
 Hatcheri
 Hepingensis
 Hermanni
 Hogwartsia
 Holgeri
 Holyokensis
 Homheni
 Hongheensis
 Hongtuyanensis
 Horneri
 Horridus
 Huangi
 Huenei
 Huinculensis
 Inexpectus
 Infernalis
 Insignis
 Ischiadicus
 Itemirensis
 Jiangbeiensis
 Jiangi
 Jiangyiensis
 Jichuanensis
 Johnsoni
 Junghsiensis
 Karibaensis
 Kitadaniensis
 Knopfleri
 Koerneri
 Kuani
 Lambei
 Lammersi
 Lancenis
 Langdoni
 Lattimorei
 Latus
 Lawleri
 Leali
 Leanzai
 Lengi
 Lentus
 Libratus
 Libratus
 Lii
 Lithographica
 Loadsi
 Longiceps
 Longicranialis
 Longipes
 Longus
 Loricatus
 Louderbacki
 Madagascariensis
 Magniventris
 Major
 Makelai
 Maximus
 Maximus
 Mckennai
 Mckillopi
 Mckinleyi
 Mesai
 Millenii
 Mirificus
 Mirus
 Mjosi
 Mongoliensis
 Mongoliensis
 Mongoliensis
 Mongoliensis
 Mongoliensis
 Mongoliensis
 Mongoliensis
 Montanensis
 Multispinus
 Nanus
 Nasicornis
 Navajovius
 Neglectus
 Nesmoi
 Nigeriensis
 Normani
 Notabilis
 Okladnikovi
 Olecranus
 Oliveroi
 Olseni
 Orientalis
 Ornatus
 Osborni
 Oshimai
 Osmolskae
 Ostrommaysorum
 Oxoniensis
 Oxoniensis
 Paravertebra
 Parkeri
 Parkpinorum
 Patagonicus
 Peeblesorum
 Pergracilis
 Philoceratops
 Planinychus
 Plicatospineus
 Polyodon
 Polyzelous
 Portentosus
 Prenes
 Prima
 Primus
 Priscus
 Priscus
 Priscus
 Procurvicornis
 Raptorius
 Regalis
 Remotus
 Rex
 Rex
 Robusta
 Robusta
 Robustus
 Roseae
 Rozhdestvenskyi
 Sachalinensis
 Saharicus
 Saihangaobiensis
 Salerii
 Sanctus
 Sanjuanensis
 Sastrei
 Schaffi
 Scutatus
 Shangyouensis
 Sinensis
 Skarzynskii
 Spinifer
 Spinorhinus
 Starki
 Sternbergi
 Stewarti
 Stromeri
 Sui
 Supremus
 Tagorei
 Taibaii
 Tanneri
 Taqueti
 Tatarinovi
 Tenerensis
 Tereschenkoi
 Tetoriensius
 Textilis
 Thwazi
 Tiguidensis
 Tillettorum
 Topai
 Torosus
 Transsylvanicus
 Tschizhovi
 Tuberiferus
 Tucki
 Tutus
 Valdensis
 Valesdunensis
 Validum
 Velox
 Vivianae
 Walkeri
 Walkeri
 Warrenae
 Wetherilli
 Wichmannianus
 Woodi
 Wucaii
 Wyomingensis
 Xinwaensis
 Yamanpalliensis
 Yangi
 Yanshini
 Yanzigouensis
 Youngi
 Youngi
 Zdanskyi
 Zhaoianus
 Zhongheensis
 Zoui
(310 rows)

5. Saurischians are the "lizard hipped" order of dinosaurs, and one of the two main branches. All carnivorous dinosaurs are Saurischians, but not all Saurischians are carnivorous. Find all the dinosaurs from the t_order Saurischia that are Herbivorous.

dinosaurs=# SELECT name FROM dinos WHERE t_order='Saurischia' AND diet='Herbivorous';
        name         
---------------------
 Yuanmousaurus
 Yimenosaurus
 Vulcanodon
 Supersaurus
 Sonidosaurus
 Seismosaurus
 Saltasaurus
 Rebbachisaurus
 Quaesitosaurus
 Shunosaurus
 Rhoetosaurus
 Plateosaurus
 Pelorosaurus
 Patagosaurus
 Pantydraco
 Paralititan
 Datousaurus
 Pleurocoelus
 Opisthocoelicaudia
 Omeisaurus
 Nigersaurus
 Neuquenosaurus
 Nemegtosaurus
 Mussaurus
 Maxakalisaurus
 Malawisaurus
 Mamenchisaurus
 Lufengosaurus
 Magyarosaurus
 Ligabuesaurus
 Jobaria
 Jingshanosaurus
 Janenschia
 Isisaurus
 Hypselosaurus
 Kotasaurus
 Guaibasaurus
 Giraffatitan
 Europasaurus
 Haplocanthosaurus
 Erketu
 Euhelopus
 Diplodocus
 Dicraeosaurus
 Chubutisaurus
 Chinshakiangosaurus
 Cetiosaurus
 Cetiosauriscus
 Brachytrachelopan
 Brachiosaurus
 Bellusaurus
 Barosaurus
 Barapasaurus
 Austrosaurus
 Camarasaurus
 Aragosaurus
 Antarctosaurus
 Anchisaurus
 Amygdalodon
 Ampelosaurus
 Amargasaurus
 Ammosaurus
 Alamosaurus
 Apatosaurus
 Lapparentosaurus
 Aardonyx
 Argentinosaurus
 Aegyptosaurus
(68 rows)

6. Dinosaur names are hard to remember. Find the shortest dinosaur, and rename it Shortie.

dinosaurs=# UPDATE dinos SET name='Shortie' WHERE length=(SELECT MIN(length) from dinos);
UPDATE 1

7. It's the first day of Dino School, and we're doing roll call. Find the alphabetically first dinosaur, so we can make sure they're present for class.

dinosaurs=# SELECT name FROM dinos ORDER BY name ASC LIMIT 1;
   name   
----------
 Aardonyx
(1 row)

8. Rename the five longest dinosaurs The Famous Five.

dinosaurs=# SELECT id FROM dinos ORDER BY length ASC LIMIT 5;
 id  
-----
 160
 250
  59
 139
 301

dinosaurs=# UPDATE dinos SET name='The Famous Five' WHERE id=160 OR id=250 OR id=59 OR id=139 OR id=301;
UPDATE 5

